<?xml version="1.0"?>
<!DOCTYPE Configure PUBLIC "-//Jetty//Configure//EN" "http://www.eclipse.org/jetty/configure_9_3.dtd">

<Configure class="org.eclipse.jetty.webapp.WebAppContext">
    <New id="db2ds" class="org.eclipse.jetty.plus.jndi.Resource">
        <Arg></Arg>
        <Arg>jdbc/db2ds</Arg>
        <Arg>
            <New class="com.zaxxer.hikari.HikariDataSource">
                <Arg>
                    <New class="com.zaxxer.hikari.HikariConfig">
                        <Arg>db.properties</Arg>
                    </New>
                </Arg>
            </New>
        </Arg>
    </New>
</Configure>
